Product,Price,Change Date
Nazwa produktu,5399,2023-05-26 18:54:49
Nazwa produktu,5399,2023-05-26 18:55:22
Nazwa produktu,5399,2023-05-26 18:55:39
smartfon apple iphone 14 pro 128gb gwiezdna czerń,5399,2023-05-26 18:56:49
smartfon apple iphone 14 pro 128gb gwiezdna czerń,5399,2023-05-26 18:57:01
smartfon apple iphone 14 pro 128gb gwiezdna czerń,5399,2023-05-26 18:57:07
smartfon apple iphone 14 pro 128gb gwiezdna czerń,5399,2023-05-26 19:15:01
smartfon apple iphone 14 pro 128gb gwiezdna czerń,5399,2023-05-26 19:21:01
smartfon apple iphone 14 pro 128gb gwiezdna czerń,5399,2023-05-28 20:27:12
smartfon apple iphone 14 pro 128gb gwiezdna czerń,5399,2023-05-29 19:34:06
smartfon apple iphone 14 pro 128gb gwiezdna czerń,5399,2023-05-29 22:26:01
smartfon apple iphone 14 pro 128gb gwiezdna czerń,5399,2023-05-29 22:27:01
smartfon apple iphone 14 pro 128gb gwiezdna czerń,5399,2023-06-11 20:24:02
